"nombre","descripcion","telefono","correo","sitioWeb"
"Agrosat","Empresa especializada en el desarrollo, análisis y mapeo de las principales propiedades y variables biológicas, químicas y físicas que afectan e interactúan en el crecimiento, desarrollo y producción de cultivos.","+562 321 09 450","contacto@agrosat.cl","www.agrosat.cl"
"Rowsis","Tecnologías que proveen plataformas de software para sectores de salud, negocios y Smart City.","+56 45 2405220","enzo.aguero@rowsis.com","www.rowsis.com"
"Instacrops","La empresa chilena Instacrops se define como un asesor agrícola virtual, que a través del uso de sensores y una potente plataforma de software, entrega recomendaciones a los agricultores, con el fin de prevenir riesgos y aumentar su producción.","56978775796","mbustamante@instacrops.com","www.instacrops.cl"
"Austral 3D","Esta empresa da soluciones innovadoras asociadas a tecnologías de simulación 3D y realidad virtual en el área de entrenamiento y seguridad laboral.","+569 9969 9299","francisco@austral3d.com","www.austral3D.com"
"Indexa","Empresa de servicios tecnológicos con desarrollos a la medida en el ámbito de transacciones electrónicas vía Web, principalmente para la industria bancaria y financiera. Cuenta con 132 colaboradores desde hace 20 años y con alrededor de 60 servicios tecnológicos (plataformas web) orientados a esta industria.","+56 2 2345 8600","ignacio.bascunan@indexa.cl","www.tecnologiacreativa.cl"
"Ki Teknology","Compañía con 21 años de trayectoria en la industria TI en Chile, y 8 años exportando servicios. Están catalogados como partner tecnológico de importantes empresas e instituciones del ámbito público y privado, cuyo compromiso apunta a construir en conjunto el éxito de sus clientes, apoyándolos en el campo tecnológico.","+56 2 2321 3105","mlewit@kiteknology","www.kiteknology.com"
"Tecnova Soluciones Informáticas","Con 18 años de experiencia, 170 ingenieros y contando con las certificaciones relevantes de la actividad, Tecnova Soluciones Informáticas se dedica al desarrollo de software a medida, utilizando metodologías ágiles o tradicionales, para realizar con éxito proyectos complejos en diversas industrias como telecomunicaciones, retail y gobierno.","+569 9949 2616","cristian.ferrer@tecnovags.com","www.tecnovags.com"
"Linets","Compañía que destaca por tener un equipo de expertos preocupados por la continuidad operativa de sus sistemas y ser capaces de implementar y administrar su Cloud privada. Su oferta incluye Cloud Services, IaaS, PaaS y Soporte y monitoreo 24×7 de servidores.","56979582269","jpreyest@linets.cl","linets.tech"
"EXE","EXE, empresa chilena dedicada a la producción de nuevas tecnologías, ofrece diversas soluciones como servicios de desarrollo de software, innovación en inteligencia artificial, big data, internet de las cosas (IoT) y experiencia de usuarios (UX). Todo esto, con el fin de enfrentar los desafíos de la industria, tanto nacional como internacional.","+569 9 8857259","fgelcich@exe.cl","www.exe.cl"
"GTMAR","GTMAR es una empresa de tecnología con interés en múltiples áreas. Fundada en el año 2012 en Santiago, ejecuta diversos proyectos de desarrollo de software a medida (backend/frontend) y desarrollo de prototipos funcionales, además de productos de suscripción (SAAS). La empresa tiene expertise en el desarrollo de plataformas, con foco en inteligencia de datos, sistemas de información geográfica (GIS), procesamiento de Big Data (HTC, map/reduce), procesamiento digital de imágenes y levantamiento, diseño, implementación y automatización de flujos de trabajo.","+56 9 81365676","contact@gtmar.com","www.gtmar.com"
"Newtenberg","Equipo de 20 profesionales en Chile y Colombia, especializados en la administración y conciliación de grandes colecciones de datos y contenidos, implementación de portales web y la creación de repositorios de datos unificados, específicamente enfocados en el desarrollo de grandes portales de gobierno.","+562 2698 2515","sdocmac@newtenberg.com","www.newtenberg.com"
"Mining Tag","Empresa chilena que desarrolla e implementa soluciones tecnológicas de monitoreo, automatización y optimización para mejorar la seguridad, operación y productividad de sus clientes del área minera.","+562 2495 7780","contacto@miningtag.cl","www.miningtag.cl"
"Tuxpan","Sistematizar conversaciones que agreguen valor a sus clientes es el objetivo de Tuxpan, firma chilena que provee productos y servicios ligados a las tecnologías de la información.","56322680906","tuxpan@tuxpan.com","www.tuxpan.com"
"Testgroup","Empresa que provee soluciones innovadoras de QA personalizadas a diversos clientes. Cuenta con más de 16 años de experiencia y posee presencia internacional en Chile, Colombia, El Salvador y Costa Rica.","562 2607 5708","gestion.comercial@testgroup.cl","www.testgroup.cl"
"Soluciones Orión","Soluciones Orión impulsa la transformación digital en la empresa, asegurando mayor agilidad, eficiencia y competitividad, además de resguardar la seguridad de la información. Cuenta con oficinas en México, Perú, Argentina, Ecuador y Colombia.","562 2640 3900","info@solucionesorion.com","www.solucionesorion.com"
"Option","Equipo de 30 profesionales especializados en el desarrollo de ecosistemas de software para clientes en Latinoamérica, Suecia, Finlandia y España. Cuenta con oficinas en Miami, Estocolmo y Lima.","562 2887 3700","foliver@optionit.com","www.option.cl"
"Testgroup","Empresa que provee soluciones innovadoras de QA personalizadas a diversos clientes. Cuenta con más de 16 años de experiencia y posee presencia internacional en Chile, Colombia, El Salvador y Costa Rica.","562 2607 5708","gestion.comercial@testgroup.cl","www.testgroup.cl"
"Soluciones Orión","Soluciones Orión impulsa la transformación digital en la empresa, asegurando mayor agilidad, eficiencia y competitividad, además de resguardar la seguridad de la información. Cuenta con oficinas en México, Perú, Argentina, Ecuador y Colombia.","562 2640 3900","info@solucionesorion.com","www.solucionesorion.com"
"Option","Equipo de 30 profesionales especializados en el desarrollo de ecosistemas de software para clientes en Latinoamérica, Suecia, Finlandia y España. Cuenta con oficinas en Miami, Estocolmo y Lima.","562 2887 3700","foliver@optionit.com","www.option.cl"
"ISC","Empresa de tecnologías de la información pionera en el ecosistema de innovación, con más de 20 años de experiencia, ofreciendo soluciones y servicios para la banca, las telecomunicaciones y organismos gubernamentales.","+562 2236 2306","ventas@isc.cl","www.isc.cl"
"Browse","Ingeniería de software administrativo que genera soluciones informáticas abiertas, utilizando tecnologías de avanzada, brindando una respuesta eficaz y eficiente a la problemática administrativa y de gestión.","+562 27511700","browse@browse.cl","www.browse.cl"
"Tech-K","Empresa que se especializa en Business Intelligence como servicio. Procesa y analiza grandes volúmenes de información a través de la tecnología para entregar sus servicios.","+56 2 22441121","pgelmi@techk.cl","www.techk.cl"
"M-risk","M-risk es líder en el desarrollo de una plataforma tecnológica para la gestión de sustentabilidad y administración de riesgo. Software que administra riesgos operacionales y estratégicos desde una gestión integral en Salud & Seguridad, Medio Ambiente y Comunidades (HSEC) colaborando con la sostenibilidad en los negocios.","+56 2 29 404 100","contacto@m-risk.com","www.m-risk.com"
"Trencadis Innovación","Consultora de innovación, que ayuda a las empresas a innovar en Chile, Colombia y México.","+562 22331240","contacto@trencadis.cl","www.trencadisinnovacion.com"
"OGR","Consultora de innovación tecnológica que pretende desarrollar las capacidades de los estudiantes, reduciendo así la brecha social y económica.","+562 2 23069220","contacto@ogr.cl","www.ogr.cl"
"ComparaOnline‎","Plataforma web de asesoría financiera.","+562 2 483 9100","contact@comparaonline.com","www.comparaonline.cl"
"Mediastream","Mediastream se fundó en 2007 en Chile con la pasión por transmitir audio y video por internet y gracias a la experiencia lograda en este tiempo la empresa se expandió a Brasil, Colombia y Estados Unidos.","+56 2 2402 9750","contacto@mediastre.am","mediastre.am"
"Wisetrack","Wisetrack nace en el año 2005 para ofrecer servicios tecnológicos especializados y soluciones de gestión y control de flota, consolidando una propuesta de valor agregado.","+562 23893000","info@wisetrack.cl","www.wisetrack.cl"
"Mi Telemetría","Empresa dedicada al desarrollo de tecnologías para el mundo agrícola, marítimo y energético.","+562 24957727","info@savtec.cl","www.mitelemetria.cl"
"Quaos","Oficina de servicios profesionales independiente especializada en la aplicación de Data Science para resolver problemas financieros reales de alta complejidad, todo con el apoyo de tecnología propietaria de análisis y modelamientos avanzados referida bajo el nombre de AyMA®.","+56 2 3223 9320","info@quaos.cl","www.quaos.cl"
"Tinkit","Software de referidos o recomendaciones para incrementar ventas. Plataforma SaaS de incremento de ventas a través del marketing de referidos. Medición del ROI con analíticas de “referrals” con la digitalización del marketing de “boca a boca”.","+562 24068600","contacto@tinkit.co","tinkit.co"
"Ceptinel Risk Manager","Sistema que monitorea las actividades de la empresa y notifica cuando se detectan situaciones que requieren revisión en tiempo real. Orientados a Gerencias de Entornos Bursátiles, Operacionales, Riesgo, Compliance y Marketing, basado en la actividad del cliente.","contacto@ceptinel.com","ceptinel.com",""
"AgendaPro","Software de gestión para negocios de salud, belleza y deporte.","+569 4271 7566","contacto@agendapro.cl","agendapro.co/cl"
"In Motion","In Motion, empresa multinacional que se define como un partner estratégico en transformación digital, con foco en las verticales de seguros, telecomunicaciones, banca, retail y gobierno. Con una trayectoria de 23 años de participación directa y exitosa en importantes proyectos TI, tanto a nivel local como regional.","+562 2330 6767","info@inmotion.cl","www.grupoinmotion.com"
"Agile Ingeniería y Consultoría Ltda.","Oracle adquirió a Agile, un proveedor líder de soluciones de software de administración del ciclo de vida del producto (PLM). Las soluciones PLM de Agile impulsan la innovación del producto y el proceso de introducción en una variedad de industrias, incluidas las de alta tecnología, ciencias de la vida, fabricación industrial y productos envasados para el consumidor.","+562 22134014","contacto@agile.cl","www.agile.com"
"Adistec Chile Spa","Desarrollador de Seguridad y Datacenter, que tiene un portafolio sólido, integral y con marcas líderes en el mercado. Brinda valor mediante un equipo de ingeniería altamente reconocido en la industria.","+56 2 27565801","chile@adistec.com","www.adistec.com"
"Adexus","Empresa con más de 25 años de experiencia en Chile, dedicada al Outsourcing de procesos de negocios, tecnologías de la información, comunicaciones y aplicaciones, capaces de desarrollar e implementar exitosamente soluciones que agregan valor a los procesos de negocios de sus clientes.","+56 2 2686 1000","marketing@adexus.cl","www.adexus.cl"
"Acepta","Lidera el mercado de emisión de certificados de firma electrónica, factura electrónica, documentos electrónicos y biometría, aplicada a procesos de negocio, explorando además el mercado internacional.","+562 24968100","facturaelectronica@acepta.com","www.acepta.com"
"TOC Biometrics","Fundada en 2010, TOC S.A. es una empresa especializada en el desarrollo de tecnologías de verificación de identidad y aplicaciones derivadas de la teconología biométrica.","+56 2 2946 5752","contacto@toc.cl","www.toc.cl"
"Quaos","Oficina de servicios profesionales independiente especializada en la aplicación de Data Science para resolver problemas financieros reales de alta complejidad, todo con el apoyo de tecnología propietaria de análisis y modelamientos avanzados referida bajo el nombre de AyMA®.","+56 2 3223 9320","info@quaos.cl","www.quaos.cl"
"Tinkit","Software de referidos o recomendaciones para incrementar ventas. Plataforma SaaS de incremento de ventas a través del marketing de referidos. Medición del ROI con analíticas de “referrals” con la digitalización del marketing de “boca a boca”.","+562 24068600","contacto@tinkit.co","tinkit.co"
"Ceptinel Risk Manager","Sistema que monitorea las actividades de la empresa y notifica cuando se detectan situaciones que requieren revisión en tiempo real. Orientados a Gerencias de Entornos Bursátiles, Operacionales, Riesgo, Compliance y Marketing, basado en la actividad del cliente.","contacto@ceptinel.com","ceptinel.com",""
"Sofía Gestión Agrícola","Plataforma web de gestión agrícola, amable e intuitiva, que convierte las libretas de anotaciones y planillas de Excel (tarjas), en un sistema integral de registro, administración online y de uso gratuito.","+567 2383402","websofia@reset.cl","www.sofiagestionagricola.cl"
"Cognitiva Chile SPA","Empresa de consultoría de negocios y soluciones de computación cognitiva. A través de una alianza estratégica con IBM, se convirtió en la única empresa responsable de comercializar Watson en español.","+56 23210 2000","info@cognitiva.la","www.cognitiva.la"
"Coasin Chile S.A.","Empresa líder capaz de integrar soluciones tecnológicas de alto valor agregado y prestar servicios TIC en modalidad outsourcing, de manera integral y verticalizada a todas las industrias.","+562 2410 8000","contacto@coasin.cl","www.coasin.cl"
"E-sign S.A.","Empresa especializada en brindar soluciones de seguridad y confianza en internet, teniendo como base la innovación y la búsqueda de la confianza en los canales electrónicos. Impulsa y genera papeles electrónicos de valor legal, lo que permite “despapelizar” todo tipo de documentos, mejorando así los niveles de servicio de las empresas.","+562 24331500","contacto@e-sign.cl","www.e-sign.cl"
"E.nable","Empresa chilena pionera en soluciones TI con más de 10 años de experiencia en la industria financiera y bancaria.","+56 2 26512900","info@enable.cl","www.enable.cl"
"Desis Ltda.","Está enfocada en desarrollar, adaptar y transferir tecnologías de información y de gestión para dar solución a problemas específicos, con el objeto de potenciar a las organizaciones insertas en este mercado, entendiendo y asumiendo la importancia de obtener beneficios económicos y humanos a través de la implementación de tecnologías en sus procesos tradicionales.","+562 29472800","desis@desis.cl","www.desis.cl"
"Intersystems Chile Ltda.","Compañía desarrolladora de software, bases de datos y aplicaciones.","+562 2892 6000","support@intersystems.com","www.intersystems.com/cl"
"BNovus","Gestiona el talento de su organización a través de un software basado en estándares internacionales, donde el cruce de elementos tecnológicos, administrativos y técnicas de juego (Gamification), constituyen una solución real para recursos humanos y la empresa en general.","+562 2599 7199","contacto@intercapit.com","www.bnovus.cl"
"Intel Tecnología Chile S.A.","Fabricante de procesadores y soluciones tecnológicas.","+562 25827100","contacto@intelchile.com","www.intel.com"
"Universidad Tecnológica de Chile Inacap","Inacap es un Sistema Integrado de Educación Superior, constituido por la Universidad Tecnológica de Chile Inacap, el Instituto Profesional Inacap y el Centro de Formación Técnica Inacap, que comparten una misión y valores institucionales. El Sistema Integrado de Educación Superior Inacap y su Organismo Técnico de Capacitación Inacap están presentes, a través de sus 26 sedes, a lo largo de Chile.","+562 800 20 25 20","informaciones@inacap.cl","www.inacap.com"
"Bsale","Empresa que ofrece herramientas dirigidas a simplificar la administración del negocio de sus clientes.","+56 2 2 2584 7206","ayuda@bsale.app","www.bsale.cl"
"IBM de Chile S.A.C.","Fabrica y comercializa hardware y software para computadoras. Además ofrece servicios de infraestructura, alojamiento de Internet, y consultoría en una amplia gama de áreas relacionadas con la informática, desde computadoras centrales hasta nanotecnología.","+562 2200 6000","bkrause@cl.ibm.com","www.ibm.com/cl-es"
"Hiway S.A.","Empresa experta en soluciones de Tecnologías de Información y Comunicaciones. Como Partner Premier de Cisco, lleva más de 11 años entregando sus servicios al mercado latinoamericano.","+56 2 29407500","info@hiway.cl","www.hiway.cl"
"Infox","Infox es una empresa de Hexa Informática Ltda., con 32 años de experiencia en el diseño, desarrollo, operación y mantención de grandes proyectos informáticos.","+562 32 328 8954","epc@infox.cl","www.infox.cl"
"GS1","Es una organización mundial, que opera en más de 150 países, dedicada al desarrollo de estándares globales para la identificación de productos y servicios.","+562 2 3278 3500","info@gs1chile.org","www.gs1chile.org"
"Equipos Técnicos y de Comunicaciones S.A.","Empresa que cuenta con la capacidad para integrar soluciones tecnológicas de alto valor y además presta servicios TIC en diferentes modalidades. Dispone de un equipo profesional y técnico de excelencia que presta servicios a lo largo de todo el país. Pone a disposición de sus clientes una propuesta de tecnología, conocimiento y mejores prácticas, que soportan todos los servicios con que cuenta.","+56 2 2783 2000","info@eticsa.cl","www.eticsa.cl"
"E-sign S.A.","Empresa especializada en brindar soluciones de seguridad y confianza en internet, teniendo como base la innovación y la búsqueda de la confianza en los canales electrónicos. Impulsa y genera papeles electrónicos de valor legal, lo que permite “despapelizar” todo tipo de documentos, mejorando así los niveles de servicio de las empresas.","+562 24331500","contacto@e-sign.cl","www.e-sign.cl"
"E.nable","Empresa chilena pionera en soluciones TI con más de 10 años de experiencia en la industria financiera y bancaria.","+56 2 26512900","info@enable.cl","www.enable.cl"
"Desis Ltda.","Está enfocada en desarrollar, adaptar y transferir tecnologías de información y de gestión para dar solución a problemas específicos, con el objeto de potenciar a las organizaciones insertas en este mercado, entendiendo y asumiendo la importancia de obtener beneficios económicos y humanos a través de la implementación de tecnologías en sus procesos tradicionales.","+562 29472800","desis@desis.cl","www.desis.cl"
"Latinshare","Consultora latinoamericana especializada en tecnologías de la información. Cuenta con un grupo de reconocidos y certificados profesionales, con una amplia experiencia implementando soluciones tecnológicas sobre SharePoint, Project Server, Office 365, SQL Server, Exchange, Yammer, Microsoft Azure y System Center, entre otras tecnologías Microsoft.","+56 2 28864539","contacto@latinshare.com","latinshare.com"
"Dell Computer de Chile Ltda.","Desarrolla, fabrica, vende y da soporte a computadoras personales, servidores, switches de red, programas informáticos, periféricos y otros productos relacionados con la tecnología.","+562 2685 6800","dell@dell.com","www.dell.com"
"Microsoft Chile S.A.","Fundada en 1975, Microsoft es el líder mundial en software, servicios, dispositivos y soluciones que ayudan a las personas y las empresas a desarrollar todo su potencial.","+562 2 3306000","contact@microsoft.com","www.microsoft.com/es-cl/"
"Magnacom Chile S.A.","Compañía enfocada en mejorar la posición competitiva de  sus clientes mediante la asesoría, diseño, desarrollo e implementación de plataformas de software, herramientas y aplicaciones informáticas adaptadas eficientemente a sus requerimientos específicos.","+56 2 2430 1515","contacto@magnacom.cl","www.magnacom.cl"
"Level 3 Chile S.A.","Es un proveedor líder en servicios de comunicación global, y crea soluciones que fortalecen el crecimiento, la eficacia y la seguridad de las empresas de todo el mundo.","+562 24225900","info-chile@level3.com","www.level3.com"
"Morpho S.A.","Con una combinación de actividades complementarias que abordan las necesidades específicas de cinco industrias principales (Servicios financieros, Telecomunicaciones, Identidad, Seguridad e IoT), OT-Morpho tiene una amplia presencia global y una experiencia tecnológica única en las áreas de Biometría, Autenticación, Seguridad digital, Datos y análisis de video.","+56 2 29238200","info@morpho.com","www.morpho.com"
"Safesigner SPA","Safesigner permite realizar cualquier tipo de operación financiera con el móvil de forma cómoda y segura, sin necesidad de utilizar tarjetas, tokens, o medios de seguridad complementarios.","+562 2 2474691","contacto@orand.cl","safesigner.com"
"Safehis SPA","Sus soluciones están enfocadas a apoyar la inteligencia de los procesos clínicos y han sido desarrolladas con el aporte de destacados profesionales del sector salud, con el objetivo de obtener altos impactos positivos en seguridad, calidad, eficiencia, ahorro, control y gestión de procesos.","+562 22474691","contacto@safehis.com","www.safehis.com"
"Red Universitaria Nacional","Es una corporación integrada por universidades, centros de investigación de excelencia y grupos astronómicos internacionales. Es la Red Nacional para Investigación y Educación Chilena (NREN por su sigla en inglés), y actualmente, está conformada por 34 instituciones.","+562 2337 0300","Info@reuna.cl","www.reuna.cl"
"Red Hat Chile Limitada","Proveedor líder mundial de soluciones de open source.","+562 25977000","press@redhat.com","www.redhat.com/en/global/chile"
"Rayen Salud SPA","Es una empresa chilena innovadora de Servicios TI en Salud, con amplia experiencia en la incorporación de herramientas colaborativas e implementación de Ficha Clínica Electrónica para la gestión sanitaria, aportando en la mejora constante de la eficiencia y continuidad operacional de la estrategia digital en el sector salud, con un impacto concreto en la vida de las personas.","+56 2 2588 8800","contacto@rayensalud.com","www.rayensalud.com"
"Provectis S.A.","Compañía especializada en el desarrollo e implementación de soluciones y servicios de misión crítica integrales para centros de datos. Combina la experiencia y profesionalismo de su equipo de ingenieros, arquitectos de especialidad y consultores y el sólido portafolio de productos y servicios de sus partners estratégicos tales como IBM, Hitachi, Veritas/Symantec, HP, Sumeru Solutions, Microsoft, EMC2, Vmware, NetGlobalis, Dell y Lenovo.","+562 24315900","info@provectis.cl","www.provectis.cl"
"Sonda S.A.","Proveedor de soluciones y servicios TI.","+562 26575000","corporativo@sonda.com","www.sonda.com"
"Pontificia Universidad Católica de Chile","Fue fundada el 21 de junio de 1888 por iniciativa del Arzobispo de Santiago, Monseñor Mariano Casanova, con el objetivo de ser una institución que integrara la excelencia académica y una formación inspirada en la doctrina cristiana.","+562 23544000","uc@uc.cl","www.uc.cl"
"Soluciones Expertas S.A.","Empresa proveedora de soluciones tecnológicas, que implementa desde 1993 sistemas informáticos para la gestión de operaciones de diversas industrias.","+562 29232900","info@solex.cl","www.solex.cl"
"Paperless","Empresa dedicada a la generación, procesamiento y administración de documentos electrónicos en Latinoamérica.","+56 2 2589 5400","info@paperlessla.com","www.paperlessla.com/paperless/home/cl/"
"Softgroup","It provides technological development, software, outsourcing and consultancy services.","2 24692055","jocqueteau@softgroup.cl","www.softgroup.cl"
"Optimisa S.A.","Cuenta con más de 31 años de experiencia, entregando servicios de integración, migración, mantenimiento, soporte, desarrollo y configuración en soluciones para medios de pago, en plataformas tales como: ON/2|BASE24|BASE24-eps. Tiene experiencia en redes y bancos en Latinoamérica.","+562 2335 8241","info@optimisa.cl","www.optimisa.cl"
"SOAInt Gestión S.A.","Nació como una empresa consultora especializada en los nuevos estándares BPM, SOA, Seguridad, ECM y Modernización, sin embargo la evolución de estos conceptos como parte del nuevo modelo de arquitectura IT de las empresas, provocó una transformación en SOAInt para convertirse en una de las firmas líderes en el ámbito de transformación de arquitectura TI a nivel de Europa, Medio Oriente y Latinoamérica.","+562 26327701","contacto@soaint.com","soaint.com"
"Provectis S.A.","Compañía especializada en el desarrollo e implementación de soluciones y servicios de misión crítica integrales para centros de datos. Combina la experiencia y profesionalismo de su equipo de ingenieros, arquitectos de especialidad y consultores y el sólido portafolio de productos y servicios de sus partners estratégicos tales como IBM, Hitachi, Veritas/Symantec, HP, Sumeru Solutions, Microsoft, EMC2, Vmware, NetGlobalis, Dell y Lenovo.","+562 24315900","info@provectis.cl","www.provectis.cl"
"Sonda S.A.","Proveedor de soluciones y servicios TI.","+562 26575000","corporativo@sonda.com","www.sonda.com"
"Pontificia Universidad Católica de Chile","Fue fundada el 21 de junio de 1888 por iniciativa del Arzobispo de Santiago, Monseñor Mariano Casanova, con el objetivo de ser una institución que integrara la excelencia académica y una formación inspirada en la doctrina cristiana.","+562 23544000","uc@uc.cl","www.uc.cl"
"Soluciones Expertas S.A.","Empresa proveedora de soluciones tecnológicas, que implementa desde 1993 sistemas informáticos para la gestión de operaciones de diversas industrias.","+562 29232900","info@solex.cl","www.solex.cl"
"Paperless","Empresa dedicada a la generación, procesamiento y administración de documentos electrónicos en Latinoamérica.","+56 2 2589 5400","info@paperlessla.com","www.paperlessla.com/paperless/home/cl/"
"Softgroup","It provides technological development, software, outsourcing and consultancy services.","2 24692055","jocqueteau@softgroup.cl","www.softgroup.cl"
"Optimisa S.A.","Cuenta con más de 31 años de experiencia, entregando servicios de integración, migración, mantenimiento, soporte, desarrollo y configuración en soluciones para medios de pago, en plataformas tales como: ON/2|BASE24|BASE24-eps. Tiene experiencia en redes y bancos en Latinoamérica.","+562 2335 8241","info@optimisa.cl","www.optimisa.cl"
"SOAInt Gestión S.A.","Nació como una empresa consultora especializada en los nuevos estándares BPM, SOA, Seguridad, ECM y Modernización, sin embargo la evolución de estos conceptos como parte del nuevo modelo de arquitectura IT de las empresas, provocó una transformación en SOAInt para convertirse en una de las firmas líderes en el ámbito de transformación de arquitectura TI a nivel de Europa, Medio Oriente y Latinoamérica.","+562 26327701","contacto@soaint.com","soaint.com"
"Nubox SPA","Nació en 2001 en Santiago, Chile. En un principio se transformó en Servipyme, una filial del Banco del Desarrollo, siendo una de las primeras empresas en Chile en ofrecer software administrativo a través de la web y completamente online. Hoy es una compañía que brinda servicios de software de contabilidad, remuneraciones y de factura electrónica para contadores, pequeñas y medianas empresas.","+562 2 478 5000","contacto@nubox.com","www.nubox.com"
"Seidor","Multinacional española del sector tecnológico que ofrece servicios y soluciones integrales en el ámbito de la consultoría de software y servicios informáticos. Su amplio portafolio cubre: consultoría, servicios de infraestructura, implantación, desarrollo y mantenimiento de aplicaciones y servicios de outsourcing.","+562 26564100","comunicacion@seidor.es","www.seidor.cl"
"Novared Chile S.A.","Fue fundada en Santiago de Chile a comienzos de 1995, respondiendo a los desafíos que las nuevas tecnologías relacionadas a internet estaban planteando en el mercado. Actualmente, con 18 años de existencia, la empresa se consagra en brindar soluciones integrales a sus clientes en el área tecnológica.","+562 2499 9000","infochile@novared.net","www.novared.net"
"Smartdici","Empresa que entrega soluciones tecnológicas a diferentes industrias. En constante crecimiento y aprendizaje, actualmente se encuentran aplicando inteligencia artificial en la Agricultura, Transporte, Telecomunicaciones y Comportamiento de personas.","56232165543","contacto@smartdici.com","www.smartdici.com"
"Trends Asesorías S.A.","El grupo de empresas Trends tiene su base en Chile y opera en variados mercados del resto de América. Sus áreas de negocio abarcan distintos productos y servicios relacionados con Outsourcing, Consultoría, Tecnología, Comercio Electrónico y otros, en rubros como Finanzas, Telecomunicaciones, Salud, Educación, Comunicaciones y más.","+562 2206 4491","info@trends.cl","www.trends.cl"
"Tinet Soluciones Informáticas S.A.","Empresa de servicios de tecnología digital. Brinda soluciones personalizadas y de alto valor para sus clientes.","+56 2 2663 6600","contacto@tinet.cl","www.tinet.cl"
"Teradata","Empresa que ofrece resultados comerciales a través de soluciones tecnológicas en las áreas más importantes: desde la excelencia operativa y la optimización de activos, hasta la experiencia del cliente y la innovación de productos, para financiar la transformación y la mitigación de riesgos.","+562 28629800","patricio.llaona@teradata.com","www.teradata.com.es"
"Staff Tecnología y Procesos Eirl","Por más de 10 años, han liderado numerosos proyectos de optimización y gestión de servicios TI, mediante la estandarización, monitoreo y mejora continua de procesos tecnológicos y de negocios.","+562 2601 4561","consultores@stafftp.com","www.stafftp.com"
"ST Computación S.A.","Se fundó en 1976 en Santiago de Chile. En sus inicios, los fundadores de la compañía, Hernán Subelman y José Pedro Torres, se dieron cuenta de la relevancia que adquiriría el rubro de la tecnología en el futuro, lo cual los llevó a convertirse en un proveedor especializado en la implementación, capacitación y soporte técnico de Hardware. Hoy parte de los servicios que brindan se han relacionado con las “Soluciones on Demand”.","+562 2372 3200","www.st.cl","stcomputacion@gmail.com"
"Southern Technology Group Ltda.","Southern Technology Group es una compañía chilena fundada el año 2002 con amplia trayectoria en el mercado de integración de tecnologías de punta, cuenta con gran experiencia en la logística y los procesos empresariales en diversos mercados verticales, tales como venta al por menor, industria y de salud.","+562 2 392 5000","www.stgchile.cl","damaris.cordero@stgchile.cl"
"SimpliRoute","SimpliRoute es una plataforma web que permite a todas las empresas que hagan despachos o repartos poder reducir sus costos hasta en un 30% y poder dar visibilidad a sus clientes en donde se encuentran los despachos y poder asegurarse que el cliente lo reciba a tiempo para así mejorar la experiencia completa de entrega.","+562 32452572","alvaro@simpliroute.com","www.simpliroute.com"
"Smartdici","Empresa que entrega soluciones tecnológicas a diferentes industrias. En constante crecimiento y aprendizaje, actualmente se encuentran aplicando inteligencia artificial en la Agricultura, Transporte, Telecomunicaciones y Comportamiento de personas.","56232165543","contacto@smartdici.com","www.smartdici.com"
"Trends Asesorías S.A.","El grupo de empresas Trends tiene su base en Chile y opera en variados mercados del resto de América. Sus áreas de negocio abarcan distintos productos y servicios relacionados con Outsourcing, Consultoría, Tecnología, Comercio Electrónico y otros, en rubros como Finanzas, Telecomunicaciones, Salud, Educación, Comunicaciones y más.","+562 2206 4491","info@trends.cl","www.trends.cl"
"Tinet Soluciones Informáticas S.A.","Empresa de servicios de tecnología digital. Brinda soluciones personalizadas y de alto valor para sus clientes.","+56 2 2663 6600","contacto@tinet.cl","www.tinet.cl"
"Teradata","Empresa que ofrece resultados comerciales a través de soluciones tecnológicas en las áreas más importantes: desde la excelencia operativa y la optimización de activos, hasta la experiencia del cliente y la innovación de productos, para financiar la transformación y la mitigación de riesgos.","+562 28629800","patricio.llaona@teradata.com","www.teradata.com.es"
"Sistemas Expertos","Empresa chilena que desarrolla todo en open source. Su foco principal es el ámbito de la salud, tienen sistemas ERP HIS y de apoyo. En la parte de movilidad, cuenta con sistemas de telemonitoreo de pacientes con máquinas que contienen sensores y así poder controlar a distancia a pacientes con enfermedades crónicas.","+562 32024575","jaime.araya@sistemasexpertos.cl","www.sistemasexpertos.cl"
"MetricArts","MetricArts ofrece soluciones para ciudades inteligentes basadas en dos focos: Foco Transporte, basado en aplicaciones de Visión Computacional para la detección de evasión en el pago; y Foco Ambiental, basado en sensores IoT para la generación de alertas tempranas ambientales, y descubrimiento de patrones para la mejora de políticas públicas asociadas.","+562 29489681","pcofre@metricarts.com","www.metricarts.com"
"Xenitt","Empresa que apoya a las empresas y ciudades en su proceso de transformación digital, mediante el desarrollo y creación de plataformas web, aplicaciones móviles, dispositivos electrónicos y sensores inteligentes.","+56 9512 470 910","contacto@xenitt.cl","http://new.xenitt.cl/"
"ITSolutions","Empresa cuya innovación (DOM Digital), automatiza y digitaliza los procesos de Edificación y Urbanización en la Dirección de Obras Municipales, permitiendo controlar las solicitudes de inicio a cierre del trámite, manteniendo comunicado al vecino, arquitecto o empresa solicitante. Opera 100% en la nube, es muy flexible, se adapta al tamaño del municipio y permite el llenado en línea de los formularios validando que se cumpla la normativa del Ministerio de Vivienda y Urbanismo.","+562 23610864","info@itsolutions.cl","www.itsolutions.cl"
"Comunidad Feliz","Comunidad Feliz es una empresa proveedora de tecnología para edificios y condominios. En un año y medio han trabajado con la empresa 750 edificios y más de 100.000 copropietarios en Chile.","+562 3203 0883","david.pena@comunidadfeliz.cl","www.comunidadfeliz.cl"
"Edifito","Empresa que desarrolla un software que ayuda a ordenar la gestión de recursos de un edificio o condominio. Genera de manera automática el gasto común y las colillas de cobro individual. También ordena y simplifica el cálculo de remuneraciones y realiza de manera automática la generación de más de 20 tipos de informes de gestión.","+562 29880800","contacto@edifito.com","www.edifito.com"
"Choapa & Cía Software e Ingeniería Limitada","Empresa de soluciones informáticas enfocada en brindar la mejor atención y cubrir todos los requerimientos de sus clientes, de manera clara, transparente, eficaz y oportuna. La empresa se enfoca en desarrollo software, desarrollo web, posicionamiento SEO y brindar soporte informático personalizado con personal altamente calificado para tales fines.","+569 62715019","contacto@chosei.cl","www.chosei.cl"
"ReciclApp","ReciclApp es una aplicación que busca optimizar y mejorar el proceso de reciclado en Chile, uniendo personas que tienen material reutilizable, con recicladores dispuestos a retirar este material y comercializarlo libremente.","contacto@reciclapp.cl","reciclapp.cl",""
"Bikelite","Bikelite es una nueva aplicación gratuita, de creación chilena, que busca entregar una solución que todo ciclista busca: encontrar la ruta más segura para llegar a destino. Además, esta herramienta también tiene como objetivo organizar los desplazamientos urbanos sin depender de las ciclovías, generar comunidad entre los ciclistas y motivar a las personas a usar la bicicleta.","+562 23542280","hola@bikelite.cl","www.bikelite.cl"
"ReciclApp","ReciclApp es una aplicación que busca optimizar y mejorar el proceso de reciclado en Chile, uniendo personas que tienen material reutilizable, con recicladores dispuestos a retirar este material y comercializarlo libremente.","contacto@reciclapp.cl","reciclapp.cl",""
"Bikelite","Bikelite es una nueva aplicación gratuita, de creación chilena, que busca entregar una solución que todo ciclista busca: encontrar la ruta más segura para llegar a destino. Además, esta herramienta también tiene como objetivo organizar los desplazamientos urbanos sin depender de las ciclovías, generar comunidad entre los ciclistas y motivar a las personas a usar la bicicleta.","+562 23542280","hola@bikelite.cl","www.bikelite.cl"
"Ediciones del Quijote","Ediciones Del Quijote nace orientada a los servicios editoriales, tanto en formato impreso como digital, pero siempre con la visión de incorporar la tecnología a las prácticas cotidianas de lectura y aprendizaje de los niños.","+569 79596671","contacto@edicionesdelquijote.cl","edicionesdelquijote.cl"
"Kys Soluciones Ltda.","Kys Soluciones Ltda. nace en marzo del 2000, con la finalidad de canalizar la experiencia que su socio fundador había adquirido a través de 20 años de desempeño en las áreas de Sistemas y Operaciones en los principales bancos del país. Por su variedad de recursos técnicos, la empresa ofrece su conocimiento y experiencia en el sistema financiero fundado en el éxito de aplicaciones bajo entornos cliente/servidor y Web.","+562 24209999","contacto@kys.cl","www.kys.cl"
"Ionix SPA","Ionix es una empresa con presencia regional, fundada en el año 2009, pionera en el desarrollo de soluciones tecnológicas móviles y en el área Fintech. En sus cerca de 8 años de experiencia, Ionix se ha especializado en desarrollar productos móviles para la industria bancaria y financiera latinoamericana.","+562 22641588","contacto@ionix.cl","www.ionix.cl"
"Gestran","Empresa chilena con 12 años de experiencia, creando y prestando servicios de inteligencia transaccional para la industria financiera latinoamericana. La compañía la integran profesionales de vasta experiencia en bancos, servicios financieros y servicios tecnológicos.","+562 26882728","mauricio.cisterna@gestran.cl","www.gestran.cl"
"Plantsss","Aplicación chilena ideada para todas las personas interesadas en la naturaleza. Creada por Max Delporte en 2013, Plantsss funciona como una verdadera biblioteca virtual de plantas, que también puede ser descargada gratuitamente en el sistema operativo Android.","info@plantsss.com","www.plantsss.com",""
"Camponectado","Camponectado es una empresa especializada en colocar sensores dependiendo de las necesidades o de lo que quiera medir el cliente. Uno de sus productos es Raíz Artificial Inteligente, un sistema de control y automatización de cultivos en tiempo real.","562 32 350 3840","contacto@camponectado.com","http://www.camponectado.com/"
"Xmartic","Xmartic es una empresa especializada en la administración, gestión, supervisión y diseño de plataformas de monitoreo. Una de sus soluciones es Trackit que permite efectuar estudio del flujo y comportamiento de personas, utilizando información que emiten los smartphones, dispositivos wifi, dispositivos bluetooth y, con esta información, convertida en indicadores y estadísticas, dar apoyo al negocio.","+56 32 3433964","contacto@xmartic.com","www.xmartic.com/"
"Biopacific","La empresa nace en Santiago de Chile el año 2007, con el objetivo de construir una plataforma de desarrollo biotecnológico sustentable y consciente con el medio ambiente.","562 25265228","romina.almasia@biopacific.cl","http://www.biopacific.cl/"
"Baobab","Estudio de diseño boutique orientado a crear valor en las necesidades de sus clientes en sus diversas plataformas de comunicación.","+56 9 9679 4845","mariajose@baobabdiseno.cl","http://www.baobabdiseno.com/"
"Brandbook","Agencia que desarrolla marcas diferenciadas, relevantes y consistentes con la fórmula de una expertise integrada, creativa, sorprendente y una estética inspiradora.","+56 2 22484700","bernardita@brandbook.cl","http://www.brandbook.cl/"
"Latincom Telecomunicaciones","Entrega servicios y teléfonos satelitales a través de sus representadas Astrium, Inmarsat e Iridium para los mercados marítimo, terrestre y aéreo, suministrando los equipos terminales y el servicio de capacidad satelital en las bandas L, Ku, Ka y X, de tal manera de satisfacer cualquier demanda de parte de sus clientes.","+5622 231 71 16","contacto@latincom.cl","latincom.cl/"
"Zoco","Zoco es un software online de modalidad “SaaS” (Software As A Service) que ayuda a publicar y administrar un negocio en Mercado Libre.","+569 44556568","contacto@zoco.cl","www.zoco.cl/"
"Actis","Servicios de outsourcing para los diferentes procesos de un proyecto. Cuentan con capital humano para asesorías estratégicas, tácticas y operativas. Desarrollo, construcción e implementación de tecnologías.","+56 22 907 2461","contacto@actis.cl","www.actis.cl/"
"2Brains","Crean soluciones integrales, combinando experiencia de usuario y desarrollo con equipos dedicados cien por ciento a cada área.","+56 2 3273 1300","info@2brains.cl","www.2brains.cl/"
"4Talent","Empresa desarrolladora y comercializadora de tecnología para recursos humanos.","+56 9 4569 8307","contact@4talent.cl","www.4talent.cl/"
"TCIT","TCIT nace de la necesidad de las empresas con problemas tecnológicos que no podían haber sido resueltos por la oferta disponible en el mercado: desarrolladores independientes con poco profesionalismo y grandes empresas que resultaban demasiado costosas.","+56 9 8545 3340","contact@tcit.cl","www.tcit.cl/"
"Actis","Servicios de outsourcing para los diferentes procesos de un proyecto. Cuentan con capital humano para asesorías estratégicas, tácticas y operativas. Desarrollo, construcción e implementación de tecnologías.","+56 22 907 2461","contacto@actis.cl","www.actis.cl/"
"2Brains","Crean soluciones integrales, combinando experiencia de usuario y desarrollo con equipos dedicados cien por ciento a cada área.","+56 2 3273 1300","info@2brains.cl","www.2brains.cl/"
"Adevcom Ltda.","Expertos en el desarrollo de software a medida y especialistas en el desarrollo de sistemas de información geográficos y soluciones móviles empresariales.","+562 270 442 06","contacto@adevcom.cl","www.adevcom.cl/"
"Canal Cero","Compañía especializada en planificación, ejecución y optimización de campañas digitales en diversos formatos y redes. Desarrollo de plataformas web.","+562 3245 2818","contacto@canalcero.cl","canalcero.com/"
"ComparaOnline","Plataforma web de asesoría financiera.","+562 2 483 9100","contact@comparaonline.com","www.comparaonline.cl"
"Initt","Initt desarrolla plataformas y sensores para industrias y ciudades inteligentes. Entre los servicios más destacados se encuentra la plataforma en la nube llamada HiveNode que permite conectar diversos sensores para visualizar datos y recibir alertas en tiempo real. Desde el punto de vista del hardware, Initt en alianza con Xelion, ha desarrollado dispositivos que permiten medir variables como ruido, temperatura, humedad, polución, gases y varios otros, los cuales se encuentran validados y empaquetados.","+569 65882730","me@angelocares.com","initt.xenitt.cl"
"CAppTime","Equipo de especialistas con larga trayectoria en la industria, con una mirada orientada al cliente, dispuestos a ayudar a las empresas que requieren apoyo en el diseño, desarrollo, mantención y soporte de software y aplicaciones móviles y sistemas, a través de procesos inteligentes de Consultoría Tecnológica.","+56 222718048","rnavarro@capp-time.com","www.capp-time.com/"
"Biometrika","Soluciones tecnológicas para realizar el registro, la verificación e identificación de personas y objetos.","+56 2 2402 9772","info@biometrika.cl","www.biometrikalatam.com/"
"Asimov","Generación de valor a través del uso de tecnologías avanzadas para conseguir resultados de alto impacto.","+56 2 2465 2021","contacto@asimov.cl","asimov.cl/"
"ACL SPA","Empresa chilena con más de 25 años en el mercado tecnológico, ofreciendo servicios integrales de Desarrollo de Software, Profesionales TI, Consultorías y Gestión TI.","+56 2 25971710","info@acl.cl","www.acl.cl/"
"Arkano","Orientada a facilitar a sus clientes la mejora de sus procesos de negocio, entregando conocimiento especializado en tecnologías de la información y creando soluciones a medida para la organización.","+56 2 2760 9131","administracionchile@arkanosooft.com","arkano.cl/"
"Kibernum","Nace en 1991 como una empresa de desarrollo de software. En 2016, ya contaba con más de 1500 colaboradores, convirtiéndose en una de las comunidades TI más grandes de Chile. La compañía ha ampliado su oferta de servicios: PMO, Arquitectura empresarial y QA.","+562 228163500","contacto@kibernum.com","www.kibernum.com"
"Dell EMC Chile S.A.","Por medio de productos y servicios innovadores, Dell EMC acelera el viaje al cómputo en la nube, ya que ayuda a los departamentos de TI a almacenar, administrar, proteger y analizar el recurso más valioso de cada empresa, que es la información, de manera más ágil, confiable y rentable. Es así como Dell EMC Chile permite a las empresas y a los proveedores de servicios transformar sus operaciones y ofrecer tecnología de la información como servicio (ITaaS).","+5622 3733100","paulina.lopeznoriega@emc.com","www.dellemc.com/es-cl/index.htm"
"Datactil","Empresa de asesorías tecnológicas, aplicadas en sistemas de información y reingeniería de procesos a otras compañías.","569737814900","roberto.datactil@gmail.com","www.datactil.com"
"Ingeniería y Sistemas Computacionales S.A.","Empresa de tecnologías de la información e integración de sistemas, especializada en otorgar soluciones informáticas integrales a empresas y organismos del Sector Público, con clientes en gran parte del territorio nacional.","+562 24987777","pcarrasco@insico.cl","www.insico.cl"
"Motion Displays","Empresa conformada por expertos en negocio, en tecnología y en marketing digital. Su tarea es entregar a sus clientes soluciones tecnológicas innovadoras que les permitan mejorar la experiencia de compra, la productividad, reducir los costos de operaciones y aumentar las ventas.","+569 83081065","info@motiondisplays.cl","www.motiondisplays.cl/"
"TESC Sistemas","TESC Sistemas es una compañía integrada por profesionales con más de 15 años de experiencia en consultoría en tecnologías de la información y en particular, en implementación de soluciones sobre SAP.","+56 9 997111519","info@tescsistemas.com","www.tescsistemas.com/#!/-inicio/"
"Trebol-IT","Trebol-IT ofrece soluciones informáticas integrales, incorporando mayor creatividad, que agregue valor a los procesos de sus clientes.","+562 23628800","contacto@trebol-it.com","www.trebol-it.com/"
"Guadaltel","En Guadaltel trabajan desde hace más de 25 años en el desarrollo de soluciones tecnológicas que sirvan de impulso de la sociedad de la información.","+56 226 64 62 63","buzon@guadaltel.com","www.guadaltel.com/"
"Sirantic","Empresa joven conformada por profesionales de amplia experiencia en el desarrollo e implementación de sistemas de información para laboratorios clínicos y centros de salud a nivel nacional.","+56 2 2692 4407","info@sirantic.cl","www.sirantic.cl/"
"G-Talent","Empresa de servicios de desarrollo de software en todas las plataformas disponibles en el mercado, servicios de soporte de software y hardware, servicios de Outsourcing en el área de TI.","+562 2763 5900","contacto@g-talent.cl","www.g-talent.cl/"
"SoftPatagonia","En SoftPatagonia se dedican a prestar servicios tecnológicos orientados a Bussiness Intelligence, Factoría de Software Mobile y de Transformación Digital.","+56 2 2360 7775","info@softpatagonia.com","www.softpatagonia.com/"
"Emergya","Emergya es una compañía global de servicios de Tecnologías de la Información (TI), especializada en el desarrollo de soluciones software y en la provisión de servicios TI para maximizar la satisfacción del cliente y el usuario.","+56 22 348 6403","contacto-chile@emergya.com","www.emergya.com/cl"
"Grupo Taisa","Crear los mejores vínculos digitales para entregar la mejor experiencia de usuario y desarrollar el negocio de sus clientes.","+56 2 2726 4100","contacto@grupotaisa.com","www.grupotaisa.com/"
"Finmarkets","Finmarkets provee soluciones gestionadas web y móviles para diferentes sectores destacando banca, corredores de bolsa, minería, retail, entre otros.","+562 2 953 65 95","osalvo@finmarkets.cl","www.finmarkets.cl/"
"Dox","Dedicados al desarrollo de software, consultoría en ingeniería de software, servicio de administración y soporte de plataforma.","56232104810","contacto@dox.cl","www.dox.cl/"
"DataWolke","Datawolke desarrolla soluciones informáticas integrales a través de herramientas y plataformas para generar mayor rentabilidad a las empresas y organizaciones.","+56 9 5659 1419","contacto@datawolke.com","www.datawolke.com/"
"Cas – Chile","Empresa con 30 años en el mercado de las tecnologías de la información dedicada al diseño, desarrollo y mantenimiento de software de gestión pública y municipal.","+5622 4966900","consultas@caschile.cl","www.caschile.cl/"
"BPO Advisors","Creadores de una plataforma de gestión de documentos legales con firma electrónica que permite capturar, almacenar y disponer de todo tipo de documentos electrónicos, permitiendo al cliente gestionar de toda la data contenida en ellos para uso interno y externo, pudiendo agregar atributos como fotos, videos, planos, datos georreferenciados, etc.","+562 3 2317278","contacto@bpo-advisors.net","bpo-advisors.net/"
"BackSpace","Compañía que desarrolla software y servicios de Business Intelligence (BI); software y servicios de Business Process Management (BPM) e inteligencia empresarial.","+562 2 246 89 19","contacto@backspace.cl","backspace.cl/"
"Isercon","Desarrollan proyectos informáticos y de gestión de alta calidad, enfocados a soluciones globalizadas de carácter innovador.","+562 32 2516744","contacto@isercon.cl","www.isercon.cl/isercon/"
"Rezebra Technologies","Rezebra Technologies es una empresa chilena que se ha especializado por más de 15 años en el desarrollo y operación de soluciones tecnológicas, teniendo su core de negocio en el área de la salud pública y privada.","+562 3224 7823","ventas@rezebra.com","www.rezebra.cl/site/"
"Ibermansa","Promueven software de gestión para el mantenimiento y control de equipamiento médico.","+562 28469472","ibermanchile@ibermansa.cl","www.geelectromedico.com/"
"Sidekick","Diseñan y desarrollan experiencias digitales. Se enfocan en e-commerce, sitios web corporativos, desarrollo a medida e integraciones.","+56 9 4344 0447","contacto@sidekick.cl","www.sidekick.cl/"
"Guadaltel","En Guadaltel trabajan desde hace más de 25 años en el desarrollo de soluciones tecnológicas que sirvan de impulso de la sociedad de la información.","+56 226 64 62 63","buzon@guadaltel.com","www.guadaltel.com/"
"Sirantic","Empresa joven conformada por profesionales de amplia experiencia en el desarrollo e implementación de sistemas de información para laboratorios clínicos y centros de salud a nivel nacional.","+56 2 2692 4407","info@sirantic.cl","www.sirantic.cl/"
"G-Talent","Empresa de servicios de desarrollo de software en todas las plataformas disponibles en el mercado, servicios de soporte de software y hardware, servicios de Outsourcing en el área de TI.","+562 2763 5900","contacto@g-talent.cl","www.g-talent.cl/"
"SoftPatagonia","En SoftPatagonia se dedican a prestar servicios tecnológicos orientados a Bussiness Intelligence, Factoría de Software Mobile y de Transformación Digital.","+56 2 2360 7775","info@softpatagonia.com","www.softpatagonia.com/"
"Emergya","Emergya es una compañía global de servicios de Tecnologías de la Información (TI), especializada en el desarrollo de soluciones software y en la provisión de servicios TI para maximizar la satisfacción del cliente y el usuario.","+56 22 348 6403","contacto-chile@emergya.com","www.emergya.com/cl"
"Grupo Taisa","Crear los mejores vínculos digitales para entregar la mejor experiencia de usuario y desarrollar el negocio de sus clientes.","+56 2 2726 4100","contacto@grupotaisa.com","www.grupotaisa.com/"
"Geosolve","Geosolve se especializa en desarrollos a medida basados en SIG (Sistemas de Información Geográfica) de diversos proveedores de la industria, tales como Google Maps, Intergraph, Autodesk, ESRI, MapInfo, Mapserver etc, en diversos mercados.","+562 28974879","contacto@geosolve.cl","www.geosolve.cl/"
"Gear Solutions","Gear Solutions fue concebida, aplicando el concepto boutique de soluciones informáticas.","+569 77795573","info@gearsolutions.com","www.gearsolutions.cl/"
"Connectis","Connectis Chile es una compañía líder en consultoría e integración tecnológica perteneciente al grupo Getronics.","+562 29257400","contacto@connectis-gs.cl","www.connectis-chile.com/"
"Advise","Advise es una empresa fundada a comienzos del año 2003. Brinda servicios de desarrollo de software, tanto para proyectos a medida, como para proyectos de mantención y soporte.","+562 2 2357057","contacto@advise.cl","www.advise.cl/"
"Altiuz","Multinacional tecnológica de origen chileno, fundada el año 2006, especializada en idear e implementar soluciones de negocios.","+56 2 2335 2461","hablamos@altiuz.com","altiuz.com/"
"Amisoft","Empresa de servicios de tecnología de la información que brinda apoyo constante a los procesos críticos del negocio de sus clientes.","+562 2 6579800","contacto@amisoft.cl","www.amisoft.cl/"
"Geosolve","Geosolve se especializa en desarrollos a medida basados en SIG (Sistemas de Información Geográfica) de diversos proveedores de la industria, tales como Google Maps, Intergraph, Autodesk, ESRI, MapInfo, Mapserver etc, en diversos mercados.","+562 28974879","contacto@geosolve.cl","www.geosolve.cl/"
"Gear Solutions","Gear Solutions fue concebida, aplicando el concepto boutique de soluciones informáticas.","+569 77795573","info@gearsolutions.com","www.gearsolutions.cl/"
"Connectis","Connectis Chile es una compañía líder en consultoría e integración tecnológica perteneciente al grupo Getronics.","+562 29257400","contacto@connectis-gs.cl","www.connectis-chile.com/"
"Advise","Advise es una empresa fundada a comienzos del año 2003. Brinda servicios de desarrollo de software, tanto para proyectos a medida, como para proyectos de mantención y soporte.","+562 2 2357057","contacto@advise.cl","www.advise.cl/"
"Kuvasz Solutions","Empresa chilena con presencia en el mercado nacional desde el año 2008, dedicada a la implementación de soluciones transaccionales de misión crítica a la medida, que incluye desarrollo de software, monitoreo y soporte con detección temprana de incidentes, consultoría, entre otros.","+562 2870 7000","contacto@kvz.cl","www.kvz.cl/"
"Geslim","Empresa líder en Chile en recuperación de licencias médicas, con más de 25 años de experiencia que avalan su forma de trabajo inspirado en una constante investigación.","+562 2714 8757","contacto@geslim.cl","www.geslim.cl/web/"
"Decalink Limitada","Decalink Limitada (DLK) es una empresa con 22 años de experiencia en las áreas de Tecnologías de la Información, Automatización de Procesos y Seguridad Industrial.","+562 2716 4769","contacto@decalink.cl","www.decalink.cl/"
"Solu4b","Solu4b es una empresa líder en el mundo de la tecnología y la construcción de plataformas empresariales. Crean ecosistemas digitales optimizados.","+562 2754 4555","contacto@soluforb.com","www.solu4b.com/"
"TI Chile","TI Chile es una compañía de Tecnologías de la Información y la Comunicación (TIC) especializada en la prestación de servicios de consultoría, la realización de proyectos en el ámbito de las telecomunicaciones, el desarrollo de aplicaciones y sistemas de información, y la provisión de infraestructura informática.","+562 25709294","ventas@tichile.cl","www.tichile.cl/"
"Stacks","Empresa del sector TIC especializada en el diseño de soluciones orientadas exclusivamente al sector sanitario.","+562 2333 46 69","cpower@stacks.cl","www.stacks.es/"
"Policomp","Desde 1994 Policomp está en el mercado de los servicios relacionados con las TI, prestando servicios a diversas empresas en Chile y Latinoamérica.","+562 2444 6400","info@policomp.com","www.policomp.com/"
"Nuwit","Empresa chilena con más de 10 años de experiencia, innovando en las estrategias de negocio y utilizando tecnologías de información.","+562 2618 42 00","contacto@nuwit.com","www.nuwit.com/"
"ITWorld","ITWorld se destaca por su larga y continua trayectoria en el mercado nacional de la informática, trabajando con representaciones y distribución de equipamiento de tecnologías de la información de las principales marcas a nivel mundial.","+56 2 23289300","contacto@itworld.cl","itworld.cl/"
"Nielsoft Informática Ltda.","Nielsoft Informática Ltda. es una empresa chilena fundada en agosto de 1998 por profesionales del área de la informática, la publicidad y las telecomunicaciones, con el propósito de acercar las tecnologías de la información al mundo de los negocios.","+562 22642668","servicio@nielsoft.com","www.nielsoft.com/"
"Infodesign","Infodesign S.A. es una empresa de servicios de ingeniería, enfocada en el diseño, desarrollo, implementación y explotación de aplicaciones computacionales de diferente naturaleza.","+562 2635 46 15","info@infodesign.cl","www.infodesign.cl/"
"Nebulan","Dedicados al desarrollo e implementación de servicios Cloud, cuya finalidad es entregar un servicio fácil, rápido, medible y un soporte integral que colabore con las decisiones estratégicas de sus clientes.","+56 226113660","contacto@nebulan.cl","www.nebulan.cl/"
"ITWorld","ITWorld se destaca por su larga y continua trayectoria en el mercado nacional de la informática, trabajando con representaciones y distribución de equipamiento de tecnologías de la información de las principales marcas a nivel mundial.","+56 2 23289300","contacto@itworld.cl","itworld.cl/"
"Nielsoft Informática Ltda.","Nielsoft Informática Ltda. es una empresa chilena fundada en agosto de 1998 por profesionales del área de la informática, la publicidad y las telecomunicaciones, con el propósito de acercar las tecnologías de la información al mundo de los negocios.","+562 22642668","servicio@nielsoft.com","www.nielsoft.com/"
"Infodesign","Infodesign S.A. es una empresa de servicios de ingeniería, enfocada en el diseño, desarrollo, implementación y explotación de aplicaciones computacionales de diferente naturaleza.","+562 2635 46 15","info@infodesign.cl","www.infodesign.cl/"
"Nebulan","Dedicados al desarrollo e implementación de servicios Cloud, cuya finalidad es entregar un servicio fácil, rápido, medible y un soporte integral que colabore con las decisiones estratégicas de sus clientes.","+56 226113660","contacto@nebulan.cl","www.nebulan.cl/"
"Dimasoft","Empresa 100% chilena, que inicia sus actividades el año 1992, orientándose al servicio de desarrollo de software en el ámbito comercial, para entregar soluciones a pequeñas y medianas empresas.","+562 2205 1018","info@dimasoft.cl","www.dimasoft.cl/scripts/dim/first.mvc?ct=x&dsp=3"
"AQuanta","AQuanta ha estado presente en la industria de las Tecnologías de Informática por más de 20 años, en una exitosa trayectoria que les ha permitido consolidarse en el mercado.","+562 29637200","aquanta@aquanta.cl","aquanta.cl/"
"CNBrokers Consulting","CNBrokers Consulting brinda soluciones integrales de informática a nivel mundial, sobre la base de los servicios y experiencia de CNBrokers Systems Consulting.","+562 2881 7658","contacto@cnbrokers.cl","plataformas.tech/cnbrokersTI/"
"CleanCode","CleanCode cuenta con un equipo integral de ingenieros que pueden resolver la mayoría de los problemas TI. Además, en una segunda línea, apoya a las empresas a vender más y mejor mediante consultoría y apoyo en las ventas y generación de demanda.","+562 2814 7060","info@cleancode.cl","www.cleancode.cl/"
"Asicom Group","Asicom Group es una empresa fundada hace más de 40 años y desde sus orígenes han sido pioneros en el desarrollo de proyectos de Tecnología de la Información, BPO y Soluciones de Gestión Empresarial, orientados a bancos, instituciones financieras, inmobiliarias, registro público y comunicación.","+562 2599 5014","icastro@asicom.cl","www.asicom.com/"
"Last Call","Last Call está conformada por un equipo multidisciplinario de profesionales altamente calificados para ofrecer la mejor solución que sus clientes necesitan en el diseño, recomendación y adquisición de licencias de software por volumen, servicios tecnológicos y soluciones en la nube.","+562 2202 4490","contacto@lastcall.cl","www.lastcall.cl/"
"Manager","Manager Software S.A es una compañía que apoya el funcionamiento, administración y gestión de las empresas, brindando soluciones tecnológicas que facilitan los procesos críticos de cada organización.","+56 2 2379 7700","comercial@manager.cl","www.manager.cl/"
"Laudus","Laudus ERP es un software de gestión para pymes que se concentra en la facilidad de uso, herramientas de análisis, e integración de nuevas tecnologías, enfocando su funcionalidad desde el punto de vista del gestor o dueño de la empresa.","+5622 687 0100","info@laudus.cl","www.laudus.cl/"
"Ixopen","Grupo de profesionales especializados en soluciones tecnológicas para la Gestión de Información Empresarial – EIM Enterprise Information Management y software de código abierto para la integración de aplicaciones, datos y contenidos no estructurados.","+56 99 731 0022","hector.beck@ixopen.cl","www.ixopen.cl/"
"Huenei","Fundada en 1995, es un proveedor de servicios de TI regional. En la actualidad cuenta con más de 250 profesionales con oficinas en Argentina, Chile, México y Estados Unidos.","+562 25738572","info@huenei.com","www.huenei.com/index.php/es/home/"
"DTLNet","Empresa con más de 16 años de experiencia de trabajo con el Grupo Santander Chile que cuenta con técnicos y profesionales especializados en las ramas de la programación, análisis y diseño de sistemas informáticos.","+562 2632 6809","contacto@dtlnet.cl","www.dtlnet.cl/"